{
  "average_mip_gap": 0.0,
  "average_mip_node_count": 1.0,
  "average_solve_time": 0.03327634420672742,
  "average_solve_time_by_difficulty": {
    "easy": 0.018468211800500286,
    "hard": 0.04281568327976856,
    "medium": 0.03854513753991341
  },
  "average_solve_time_by_difficulty_and_size": {
    "easy": {
      "10x10": 0.023062347101222257,
      "11x11": 0.03358465830242494,
      "7x7": 0.007609832100570202,
      "8x8": 0.011446137752500363,
      "9x9": 0.016638083745783662
    },
    "hard": {
      "10x10": 0.050451161700766536,
      "11x11": 0.08707470390363596,
      "7x7": 0.018140584250795656,
      "8x8": 0.024843947449699044,
      "9x9": 0.03356801909394562
    },
    "medium": {
      "10x10": 0.057214335900789594,
      "11x11": 0.06828295064769918,
      "7x7": 0.013771665397507604,
      "8x8": 0.024893999351479578,
      "9x9": 0.028562736402091105
    }
  },
  "backend": "exact_flow",
  "backend_unavailable_count": 0,
  "infeasible_count": 0,
  "instance_count": 300,
  "result_files": [
    "galaxy_easy_10x10_001.txt",
    "galaxy_easy_10x10_002.txt",
    "galaxy_easy_10x10_003.txt",
    "galaxy_easy_10x10_004.txt",
    "galaxy_easy_10x10_005.txt",
    "galaxy_easy_10x10_006.txt",
    "galaxy_easy_10x10_007.txt",
    "galaxy_easy_10x10_008.txt",
    "galaxy_easy_10x10_009.txt",
    "galaxy_easy_10x10_010.txt",
    "galaxy_easy_10x10_011.txt",
    "galaxy_easy_10x10_012.txt",
    "galaxy_easy_10x10_013.txt",
    "galaxy_easy_10x10_014.txt",
    "galaxy_easy_10x10_015.txt",
    "galaxy_easy_10x10_016.txt",
    "galaxy_easy_10x10_017.txt",
    "galaxy_easy_10x10_018.txt",
    "galaxy_easy_10x10_019.txt",
    "galaxy_easy_10x10_020.txt",
    "galaxy_easy_11x11_001.txt",
    "galaxy_easy_11x11_002.txt",
    "galaxy_easy_11x11_003.txt",
    "galaxy_easy_11x11_004.txt",
    "galaxy_easy_11x11_005.txt",
    "galaxy_easy_11x11_006.txt",
    "galaxy_easy_11x11_007.txt",
    "galaxy_easy_11x11_008.txt",
    "galaxy_easy_11x11_009.txt",
    "galaxy_easy_11x11_010.txt",
    "galaxy_easy_11x11_011.txt",
    "galaxy_easy_11x11_012.txt",
    "galaxy_easy_11x11_013.txt",
    "galaxy_easy_11x11_014.txt",
    "galaxy_easy_11x11_015.txt",
    "galaxy_easy_11x11_016.txt",
    "galaxy_easy_11x11_017.txt",
    "galaxy_easy_11x11_018.txt",
    "galaxy_easy_11x11_019.txt",
    "galaxy_easy_11x11_020.txt",
    "galaxy_easy_7x7_001.txt",
    "galaxy_easy_7x7_002.txt",
    "galaxy_easy_7x7_003.txt",
    "galaxy_easy_7x7_004.txt",
    "galaxy_easy_7x7_005.txt",
    "galaxy_easy_7x7_006.txt",
    "galaxy_easy_7x7_007.txt",
    "galaxy_easy_7x7_008.txt",
    "galaxy_easy_7x7_009.txt",
    "galaxy_easy_7x7_010.txt",
    "galaxy_easy_7x7_011.txt",
    "galaxy_easy_7x7_012.txt",
    "galaxy_easy_7x7_013.txt",
    "galaxy_easy_7x7_014.txt",
    "galaxy_easy_7x7_015.txt",
    "galaxy_easy_7x7_016.txt",
    "galaxy_easy_7x7_017.txt",
    "galaxy_easy_7x7_018.txt",
    "galaxy_easy_7x7_019.txt",
    "galaxy_easy_7x7_020.txt",
    "galaxy_easy_8x8_001.txt",
    "galaxy_easy_8x8_002.txt",
    "galaxy_easy_8x8_003.txt",
    "galaxy_easy_8x8_004.txt",
    "galaxy_easy_8x8_005.txt",
    "galaxy_easy_8x8_006.txt",
    "galaxy_easy_8x8_007.txt",
    "galaxy_easy_8x8_008.txt",
    "galaxy_easy_8x8_009.txt",
    "galaxy_easy_8x8_010.txt",
    "galaxy_easy_8x8_011.txt",
    "galaxy_easy_8x8_012.txt",
    "galaxy_easy_8x8_013.txt",
    "galaxy_easy_8x8_014.txt",
    "galaxy_easy_8x8_015.txt",
    "galaxy_easy_8x8_016.txt",
    "galaxy_easy_8x8_017.txt",
    "galaxy_easy_8x8_018.txt",
    "galaxy_easy_8x8_019.txt",
    "galaxy_easy_8x8_020.txt",
    "galaxy_easy_9x9_001.txt",
    "galaxy_easy_9x9_002.txt",
    "galaxy_easy_9x9_003.txt",
    "galaxy_easy_9x9_004.txt",
    "galaxy_easy_9x9_005.txt",
    "galaxy_easy_9x9_006.txt",
    "galaxy_easy_9x9_007.txt",
    "galaxy_easy_9x9_008.txt",
    "galaxy_easy_9x9_009.txt",
    "galaxy_easy_9x9_010.txt",
    "galaxy_easy_9x9_011.txt",
    "galaxy_easy_9x9_012.txt",
    "galaxy_easy_9x9_013.txt",
    "galaxy_easy_9x9_014.txt",
    "galaxy_easy_9x9_015.txt",
    "galaxy_easy_9x9_016.txt",
    "galaxy_easy_9x9_017.txt",
    "galaxy_easy_9x9_018.txt",
    "galaxy_easy_9x9_019.txt",
    "galaxy_easy_9x9_020.txt",
    "galaxy_hard_10x10_001.txt",
    "galaxy_hard_10x10_002.txt",
    "galaxy_hard_10x10_003.txt",
    "galaxy_hard_10x10_004.txt",
    "galaxy_hard_10x10_005.txt",
    "galaxy_hard_10x10_006.txt",
    "galaxy_hard_10x10_007.txt",
    "galaxy_hard_10x10_008.txt",
    "galaxy_hard_10x10_009.txt",
    "galaxy_hard_10x10_010.txt",
    "galaxy_hard_10x10_011.txt",
    "galaxy_hard_10x10_012.txt",
    "galaxy_hard_10x10_013.txt",
    "galaxy_hard_10x10_014.txt",
    "galaxy_hard_10x10_015.txt",
    "galaxy_hard_10x10_016.txt",
    "galaxy_hard_10x10_017.txt",
    "galaxy_hard_10x10_018.txt",
    "galaxy_hard_10x10_019.txt",
    "galaxy_hard_10x10_020.txt",
    "galaxy_hard_11x11_001.txt",
    "galaxy_hard_11x11_002.txt",
    "galaxy_hard_11x11_003.txt",
    "galaxy_hard_11x11_004.txt",
    "galaxy_hard_11x11_005.txt",
    "galaxy_hard_11x11_006.txt",
    "galaxy_hard_11x11_007.txt",
    "galaxy_hard_11x11_008.txt",
    "galaxy_hard_11x11_009.txt",
    "galaxy_hard_11x11_010.txt",
    "galaxy_hard_11x11_011.txt",
    "galaxy_hard_11x11_012.txt",
    "galaxy_hard_11x11_013.txt",
    "galaxy_hard_11x11_014.txt",
    "galaxy_hard_11x11_015.txt",
    "galaxy_hard_11x11_016.txt",
    "galaxy_hard_11x11_017.txt",
    "galaxy_hard_11x11_018.txt",
    "galaxy_hard_11x11_019.txt",
    "galaxy_hard_11x11_020.txt",
    "galaxy_hard_7x7_001.txt",
    "galaxy_hard_7x7_002.txt",
    "galaxy_hard_7x7_003.txt",
    "galaxy_hard_7x7_004.txt",
    "galaxy_hard_7x7_005.txt",
    "galaxy_hard_7x7_006.txt",
    "galaxy_hard_7x7_007.txt",
    "galaxy_hard_7x7_008.txt",
    "galaxy_hard_7x7_009.txt",
    "galaxy_hard_7x7_010.txt",
    "galaxy_hard_7x7_011.txt",
    "galaxy_hard_7x7_012.txt",
    "galaxy_hard_7x7_013.txt",
    "galaxy_hard_7x7_014.txt",
    "galaxy_hard_7x7_015.txt",
    "galaxy_hard_7x7_016.txt",
    "galaxy_hard_7x7_017.txt",
    "galaxy_hard_7x7_018.txt",
    "galaxy_hard_7x7_019.txt",
    "galaxy_hard_7x7_020.txt",
    "galaxy_hard_8x8_001.txt",
    "galaxy_hard_8x8_002.txt",
    "galaxy_hard_8x8_003.txt",
    "galaxy_hard_8x8_004.txt",
    "galaxy_hard_8x8_005.txt",
    "galaxy_hard_8x8_006.txt",
    "galaxy_hard_8x8_007.txt",
    "galaxy_hard_8x8_008.txt",
    "galaxy_hard_8x8_009.txt",
    "galaxy_hard_8x8_010.txt",
    "galaxy_hard_8x8_011.txt",
    "galaxy_hard_8x8_012.txt",
    "galaxy_hard_8x8_013.txt",
    "galaxy_hard_8x8_014.txt",
    "galaxy_hard_8x8_015.txt",
    "galaxy_hard_8x8_016.txt",
    "galaxy_hard_8x8_017.txt",
    "galaxy_hard_8x8_018.txt",
    "galaxy_hard_8x8_019.txt",
    "galaxy_hard_8x8_020.txt",
    "galaxy_hard_9x9_001.txt",
    "galaxy_hard_9x9_002.txt",
    "galaxy_hard_9x9_003.txt",
    "galaxy_hard_9x9_004.txt",
    "galaxy_hard_9x9_005.txt",
    "galaxy_hard_9x9_006.txt",
    "galaxy_hard_9x9_007.txt",
    "galaxy_hard_9x9_008.txt",
    "galaxy_hard_9x9_009.txt",
    "galaxy_hard_9x9_010.txt",
    "galaxy_hard_9x9_011.txt",
    "galaxy_hard_9x9_012.txt",
    "galaxy_hard_9x9_013.txt",
    "galaxy_hard_9x9_014.txt",
    "galaxy_hard_9x9_015.txt",
    "galaxy_hard_9x9_016.txt",
    "galaxy_hard_9x9_017.txt",
    "galaxy_hard_9x9_018.txt",
    "galaxy_hard_9x9_019.txt",
    "galaxy_hard_9x9_020.txt",
    "galaxy_medium_10x10_001.txt",
    "galaxy_medium_10x10_002.txt",
    "galaxy_medium_10x10_003.txt",
    "galaxy_medium_10x10_004.txt",
    "galaxy_medium_10x10_005.txt",
    "galaxy_medium_10x10_006.txt",
    "galaxy_medium_10x10_007.txt",
    "galaxy_medium_10x10_008.txt",
    "galaxy_medium_10x10_009.txt",
    "galaxy_medium_10x10_010.txt",
    "galaxy_medium_10x10_011.txt",
    "galaxy_medium_10x10_012.txt",
    "galaxy_medium_10x10_013.txt",
    "galaxy_medium_10x10_014.txt",
    "galaxy_medium_10x10_015.txt",
    "galaxy_medium_10x10_016.txt",
    "galaxy_medium_10x10_017.txt",
